sepal_length,sepal_width,petal_length,petal_width,class,distance
0.555555556,0.375,0.779661017,0.708333333,Iris-virginica,0.0
0.611111111,0.416666667,0.762711864,0.708333333,Iris-virginica,0.07148289737877397
0.583333333,0.458333333,0.762711864,0.708333333,Iris-virginica,0.0894612937049763
0.555555556,0.375,0.779661017,0.708333333,Center,0.0
