sepal_length,sepal_width,petal_length,petal_width,class
0.5,0.333333333,0.627118644,0.458333333,Iris-versicolor
0.555555556,0.375,0.779661017,0.708333333,Center Point
