sepal_length,sepal_width,petal_length,petal_width,class
0.6388888888888888,0.375,0.6101694915254237,0.5000000000000001,Iris-versicolor
0.5833333333333335,0.375,0.559322033898305,0.5000000000000001,Iris-versicolor
0.6355555555555555,0.40583333333333327,0.7715254237288136,0.8025,"Center Point"
