sepal_length,sepal_width,petal_length,petal_width,class
0.6388888888888888,0.375,0.6101694915254237,0.5000000000000001,Iris-versicolor
0.4999999999999998,0.33333333333333326,0.5084745762711864,0.5000000000000001,Iris-versicolor
0.4999999999999998,0.33333333333333326,0.6271186440677966,0.4583333333333333,Iris-versicolor
0.5833333333333335,0.375,0.559322033898305,0.5000000000000001,Iris-versicolor
0.5277777777777779,0.375,0.559322033898305,0.5000000000000001,Iris-versicolor
0.555555556,0.375,0.779661017,0.708333333,"Center Point"
